epoch,train_loss,train_acc1,train_acc5,val_loss,val_acc1,val_acc5
001,4.37673,3.54974,13.22845,4.07489,8.02000,24.60000
002,3.86926,10.79293,30.73684,3.49440,17.10000,42.14000
003,3.54660,15.91278,40.04698,3.17399,23.64000,51.52000
004,3.28771,20.75909,47.25232,2.81461,30.28000,60.00000
005,3.05489,25.31333,53.18426,2.65449,33.22000,61.50000
