epoch,train_loss,train_acc1,train_acc5,val_loss,val_acc1,val_acc5
001,1.31821,73.10343,88.63760,0.40934,89.50000,97.84000
002,0.74719,81.52189,93.82543,0.36278,90.22000,98.00000
003,0.67758,82.83701,94.21564,0.33685,90.89999,97.88000
004,0.64238,83.52856,94.57417,0.31217,91.56000,98.25999
005,0.61918,83.88246,94.79516,0.31894,91.39999,98.14000
006,0.60231,84.22244,94.94120,0.30711,91.54000,98.42000
