epoch,train_loss,train_acc1,train_acc5,val_loss,val_acc1,val_acc5
001,1.73267,59.82785,80.51546,0.44369,88.34000,97.36000
002,1.28236,67.63897,86.01508,0.40320,88.72000,97.78000
