epoch,train_loss,train_acc1,train_acc5,val_loss,val_acc1,val_acc5
001,4.42686,2.85200,11.49531,4.19723,5.58000,20.48000
002,4.02205,8.14415,25.65717,3.67303,13.76000,37.06000
003,3.67453,13.36058,36.12558,3.28032,20.30000,46.80000
